排行,證券名稱,,市值佔 大盤比重,排行,證券名稱,,市值佔 大盤比重
1,2330,台積電,30.1772%,455,4961,天鈺,0.0172%
2,2317,鴻海,2.7633%,456,6281,全國電,0.0172%
3,2454,聯發科,2.709%,457,9905,大華,0.0172%
4,6505,台塑化,2.088%,458,2406,國碩,0.0171%
5,2412,中華電,2.0386%,459,1701,中化,0.017%
6,2308,台達電,1.4124%,460,1709,和益,0.017%
7,1301,台塑,1.3136%,461,6183,關貿,0.017%
8,2882,國泰金,1.2886%,462,5243,乙盛-KY,0.0169%
9,1303,南亞,1.2332%,463,9919,康那香,0.0169%
10,2303,聯電,1.2185%,464,1720,生達,0.0169%
11,2881,富邦金,1.098%,465,1109,信大,0.0169%
12,1326,台化,1.0931%,466,1225,福懋油,0.0169%
13,3008,大立光,1.0478%,467,2706,第一店,0.0169%
14,2886,兆豐金,0.9371%,468,4755,三福化,0.0168%
15,2891,中信金,0.9043%,469,1522,堤維西,0.0167%
16,1216,統一,0.8945%,470,2314,台揚,0.0166%
17,2002,中鋼,0.8689%,471,4960,誠美材,0.0165%
18,2207,和泰車,0.8479%,472,3504,揚明光,0.0165%
19,3045,台灣大,0.8253%,473,3617,碩天,0.0165%
20,3711,日月光投控,0.8049%,474,6184,大豐電,0.0165%
21,2884,玉山金,0.7655%,475,5607,遠雄港,0.0164%
22,2382,廣達,0.7204%,476,3454,晶睿,0.0163%
23,2892,第一金,0.6622%,477,3003,健和興,0.0162%
24,5880,合庫金,0.6556%,478,9918,欣天然,0.0161%
25,2912,統一超,0.6522%,479,1583,程泰,0.016%
26,1101,台泥,0.5964%,480,1737,臺鹽,0.0158%
27,2395,研華,0.5736%,481,4976,佳凌,0.0157%
28,2880,華南金,0.5651%,482,4763,材料-KY,0.0157%
29,2885,元大金,0.5615%,483,5546,永固-KY,0.0156%
30,2408,南亞科,0.5423%,484,2029,盛餘,0.0156%
31,2327,國巨,0.5308%,485,2477,美隆電,0.0156%
32,5871,中租-KY,0.5219%,486,2601,益航,0.0156%
33,6415,矽力-KY,0.4976%,487,2013,中鋼構,0.0155%
34,4904,遠傳,0.4893%,488,9927,泰銘,0.0155%
35,2379,瑞昱,0.4589%,489,6139,亞翔,0.0154%
36,2357,華碩,0.4479%,490,6189,豐藝,0.0154%
37,2801,彰銀,0.4477%,491,2228,劍麟,0.0154%
38,3034,聯詠,0.4407%,492,8110,華東,0.0153%
39,5876,上海商銀,0.4233%,493,1219,福壽,0.0152%
40,4938,和碩,0.4129%,494,6477,安集,0.015%
41,9910,豐泰,0.3919%,495,6598,ABC-KY,0.0149%
42,1590,亞德客-KY,0.38%,496,4164,承業醫,0.0149%
43,1402,遠東新,0.3552%,497,3338,泰碩,0.0148%
44,2887,台新金,0.3527%,498,2485,兆赫,0.0147%
45,1102,亞泥,0.3525%,499,2028,威致,0.0146%
46,2474,可成,0.3468%,500,6288,聯嘉,0.0146%
47,2105,正新,0.3337%,501,1527,鑽全,0.0145%
48,3037,欣興,0.3276%,502,1514,亞力,0.0145%
49,2345,智邦,0.3238%,503,3041,揚智,0.0145%
50,2883,開發金,0.3234%,504,2841,台開,0.0145%
51,2890,永豐金,0.303%,505,2114,鑫永銓,0.0144%
52,6669,緯穎,0.2888%,506,4190,佐登-KY,0.0144%
53,2603,長榮,0.2879%,507,6251,定穎,0.0143%
54,2409,友達,0.2844%,508,8473,山林水,0.0143%
55,8046,南電,0.2833%,509,2436,偉詮電,0.0143%
56,4958,臻鼎-KY,0.2833%,510,8114,振樺電,0.0142%
57,5269,祥碩,0.2758%,511,6209,今國光,0.0141%
58,2301,光寶科,0.2736%,512,9946,三發地產,0.0141%
59,2888,新光金,0.2709%,513,1442,名軒,0.014%
60,1476,儒鴻,0.2658%,514,2009,第一銅,0.0139%
61,2823,中壽,0.2596%,515,9934,成霖,0.0139%
62,9921,巨大,0.2566%,516,4934,太極,0.0139%
63,2377,微星,0.2558%,517,5525,順天,0.0138%
64,2049,上銀,0.2448%,518,8478,東哥遊艇,0.0138%
65,8464,億豐,0.2388%,519,9942,茂順,0.0137%
66,3481,群創,0.2364%,520,5538,東明-KY,0.0137%
67,2615,萬海,0.2348%,521,3501,維熹,0.0137%
68,2492,華新科,0.2289%,522,1612,宏泰,0.0137%
69,9904,寶成,0.223%,523,2402,毅嘉,0.0137%
70,8454,富邦媒,0.2103%,524,4942,嘉彰,0.0135%
71,2324,仁寶,0.206%,525,4912,聯德控股-KY,0.0135%
72,3231,緯創,0.2054%,526,4564,元翎,0.0135%
73,2356,英業達,0.2025%,527,9935,慶豐富,0.0135%
74,2633,台灣高鐵,0.2002%,528,4739,康普,0.0134%
75,2227,裕日車,0.19%,529,2612,中航,0.0134%
76,6409,旭隼,0.1851%,530,2342,茂矽,0.0134%
77,9914,美利達,0.181%,531,8463,潤泰材,0.0133%
78,2834,臺企銀,0.1805%,532,1455,集盛,0.0132%
79,2354,鴻準,0.1802%,533,2731,雄獅,0.0132%
80,2347,聯強,0.1798%,534,3266,昇陽,0.0131%
81,2344,華邦電,0.1764%,535,2514,龍邦,0.0131%
82,6239,力成,0.1736%,536,1603,華電,0.0131%
83,3702,大聯大,0.1734%,537,1734,杏輝,0.0131%
84,2337,旺宏,0.1731%,538,4746,台耀,0.0131%
85,3406,玉晶光,0.1717%,539,5285,界霖,0.0131%
86,2353,宏碁,0.1709%,540,4439,冠星-KY,0.013%
87,3044,健鼎,0.1559%,541,2701,萬企,0.013%
88,1605,華新,0.1544%,542,3257,虹冠電,0.0128%
89,9945,潤泰新,0.1533%,543,2467,志聖,0.0128%
90,2360,致茂,0.1529%,544,2419,仲琦,0.0128%
91,2385,群光,0.1529%,545,5521,工信,0.0128%
92,2618,長榮航,0.1487%,546,8105,凌巨,0.0128%
93,1504,東元,0.1408%,547,2546,根基,0.0127%
94,2313,華通,0.1387%,548,2527,宏璟,0.0126%
95,1227,佳格,0.1383%,549,1708,東鹼,0.0126%
96,2542,興富發,0.1383%,550,1525,江申,0.0125%
97,3532,台勝科,0.1371%,551,3130,一零四,0.0125%
98,6176,瑞儀,0.1307%,552,3062,建漢,0.0124%
99,2610,華航,0.1284%,553,3048,益登,0.0124%
100,1722,台肥,0.1284%,554,4426,利勤,0.0124%
101,1229,聯華,0.1279%,555,2538,基泰,0.0123%
102,1802,台玻,0.1264%,556,2420,新巨,0.0122%
103,1434,福懋,0.1251%,557,2426,鼎元,0.0122%
104,2383,台光電,0.1227%,558,3583,辛耘,0.0122%
105,2376,技嘉,0.1209%,559,6672,騰輝電子-KY,0.0121%
106,2371,大同,0.1193%,560,6666,羅麗芬-KY,0.0121%
107,2027,大成鋼,0.1129%,561,6283,淳安,0.0121%
108,2923,鼎固-KY,0.1123%,562,2712,遠雄來,0.0121%
109,2352,佳世達,0.1119%,563,1437,勤益控,0.0121%
110,3533,嘉澤,0.1115%,564,2012,春雨,0.012%
111,6213,聯茂,0.1105%,565,6112,聚碩,0.012%
112,3023,信邦,0.1099%,566,1762,中化生,0.0119%
113,2812,台中銀,0.1096%,567,1338,廣華-KY,0.0119%
114,3443,創意,0.1071%,568,3029,零壹,0.0119%
115,2404,漢唐,0.1055%,569,2459,敦吉,0.0118%
116,2449,京元電子,0.1048%,570,2466,冠西電,0.0118%
117,1717,長興,0.1045%,571,2509,全坤建,0.0118%
118,2809,京城銀,0.1037%,572,1460,宏遠,0.0118%
119,6592,和潤企業,0.1028%,573,6558,興能高,0.0118%
120,6269,台郡,0.1008%,574,8996,高力,0.0118%
121,2448,晶電,0.1002%,575,8480,泰昇-KY,0.0117%
122,3661,世芯-KY,0.1%,576,8481,政伸,0.0117%
123,3189,景碩,0.099%,577,3622,洋華,0.0117%
124,5522,遠雄,0.0988%,578,1108,幸福,0.0117%
125,1477,聚陽,0.0982%,579,2233,宇隆,0.0116%
126,2458,義隆,0.0972%,580,2369,菱生,0.0116%
127,9917,中保科,0.0969%,581,2241,艾姆勒,0.0114%
128,3576,聯合再生,0.0959%,582,5533,皇鼎,0.0114%
129,1907,永豐餘,0.0957%,583,6449,鈺邦,0.0113%
130,2915,潤泰全,0.0952%,584,4540,全球傳動,0.0113%
131,6456,GIS-KY,0.0933%,585,8427,基勝-KY,0.0113%
132,1210,大成,0.0929%,586,3032,偉訓,0.0113%
133,2845,遠東銀,0.0894%,587,2636,台驊投控,0.0113%
134,2101,南港,0.0877%,588,3028,增你強,0.0112%
135,5264,鎧勝-KY,0.0871%,589,9931,欣高,0.0112%
136,6278,台表科,0.0864%,590,2506,太設,0.0111%
137,3706,神達,0.0862%,591,2528,皇普,0.011%
138,1904,正隆,0.0854%,592,1730,花仙子,0.011%
139,2889,國票金,0.0842%,593,1457,宜進,0.011%
140,2903,遠百,0.0837%,594,4764,雙鍵,0.011%
141,2015,豐興,0.0825%,595,3694,海華,0.011%
142,2456,奇力新,0.082%,596,3416,融程電,0.0108%
143,6531,愛普,0.0819%,597,2816,旺旺保,0.0108%
144,3653,健策,0.0818%,598,2616,山隆,0.0107%
145,9941,裕融,0.0817%,599,2007,燁興,0.0107%
146,2106,建大,0.0815%,600,4952,凌通,0.0107%
147,2006,東和鋼鐵,0.0813%,601,6197,佳必琪,0.0107%
148,6285,啟碁,0.0796%,602,2457,飛宏,0.0106%
149,2838,聯邦銀,0.0779%,603,1521,大億,0.0104%
150,3665,貿聯-KY,0.0775%,604,1535,中宇,0.0104%
151,6116,彩晶,0.0763%,605,4737,華廣,0.0104%
152,3036,文曄,0.0762%,606,4552,力達-KY,0.0104%
153,2441,超豐,0.0758%,607,5907,大洋-KY,0.0103%
154,2108,南帝,0.0732%,608,2109,華豐,0.0103%
155,1314,中石化,0.0724%,609,1446,宏和,0.0102%
156,9933,中鼎,0.0724%,610,3209,全科,0.0102%
157,2206,三陽工業,0.0722%,611,8466,美吉吉-KY,0.0102%
158,2439,美律,0.0716%,612,2115,六暉-KY,0.0101%
159,2059,川湖,0.0692%,613,1217,愛之味,0.0099%
160,2368,金像電,0.0683%,614,2414,精技,0.0099%
161,3005,神基,0.0682%,615,2705,六福,0.0098%
162,2451,創見,0.0671%,616,6655,科定,0.0098%
163,3376,新日興,0.0671%,617,4108,懷特,0.0097%
164,4142,國光生,0.0668%,618,2852,第一保,0.0097%
165,9958,世紀鋼,0.0666%,619,2486,一詮,0.0097%
166,2609,陽明,0.0663%,620,1541,錩泰,0.0097%
167,3682,亞太電,0.0659%,621,2062,橋椿,0.0097%
168,2634,漢翔,0.0655%,622,2020,美亞,0.0097%
169,2204,中華,0.0646%,623,1786,科妍,0.0095%
170,2606,裕民,0.0643%,624,2374,佳能,0.0095%
171,2231,為升,0.0636%,625,6668,中揚光,0.0095%
172,1503,士電,0.0635%,626,3605,宏致,0.0094%
173,6412,群電,0.0634%,627,1436,華友聯,0.0094%
174,3017,奇鋐,0.0632%,628,2493,揚博,0.0093%
175,6005,群益證,0.0631%,629,4133,亞諾法,0.0093%
176,2723,美食-KY,0.0623%,630,8021,尖點,0.0092%
177,2498,宏達電,0.0621%,631,8271,宇瞻,0.0092%
178,1507,永大,0.061%,632,1611,中電,0.0092%
179,1536,和大,0.0605%,633,1810,和成,0.0091%
180,1736,喬山,0.0604%,634,6141,柏承,0.0091%
181,8341,日友,0.0604%,635,4526,東台,0.0091%
182,1440,南紡,0.06%,636,2484,希華,0.0089%
183,3042,晶技,0.06%,637,2476,鉅祥,0.0089%
184,1707,葡萄王,0.0597%,638,1626,艾美特-KY,0.0088%
185,1513,中興電,0.0595%,639,6128,上福,0.0088%
186,2388,威盛,0.0595%,640,8261,富鼎,0.0088%
187,2501,國建,0.0591%,641,8104,錸寶,0.0086%
188,2548,華固,0.0591%,642,4999,鑫禾,0.0086%
189,1909,榮成,0.059%,643,9906,欣巴巴,0.0086%
190,1723,中碳,0.0588%,644,4571,鈞興-KY,0.0085%
191,5534,長虹,0.0584%,645,5519,隆大,0.0085%
192,5469,瀚宇博,0.0574%,646,6205,詮欣,0.0085%
193,1304,台聚,0.0573%,647,3167,大量,0.0085%
194,1319,東陽,0.0572%,648,3055,蔚華科,0.0084%
195,1789,神隆,0.0567%,649,2495,普安,0.0084%
196,1313,聯成,0.0565%,650,1517,利奇,0.0084%
197,2849,安泰銀,0.0564%,651,2017,官田鋼,0.0084%
198,2023,燁輝,0.0561%,652,2030,彰源,0.0083%
199,8150,南茂,0.0561%,653,1414,東和,0.0083%
200,8926,台汽電,0.0559%,654,2423,固緯,0.0083%
201,2104,國際中橡,0.0553%,655,2405,浩鑫,0.0082%
202,6214,精誠,0.0551%,656,5515,建國,0.0082%
203,1808,潤隆,0.0549%,657,3437,榮創,0.0081%
204,9802,鈺齊-KY,0.0546%,658,2497,怡利電,0.0081%
205,9940,信義,0.0546%,659,1451,年興,0.0081%
206,6670,復盛應用,0.0543%,660,1618,合機,0.0081%
207,9938,百和,0.0541%,661,1533,車王電,0.008%
208,2855,統一證,0.0536%,662,2390,云辰,0.008%
209,5434,崇越,0.0535%,663,3305,昇貿,0.008%
210,2392,正崴,0.0532%,664,3024,憶聲,0.008%
211,2867,三商壽,0.0527%,665,6108,競國,0.008%
212,6414,樺漢,0.052%,666,4555,氣立,0.0079%
213,1312,國喬,0.0514%,667,1233,天仁,0.0079%
214,4968,立積,0.0513%,668,2302,麗正,0.0079%
215,4915,致伸,0.051%,669,2642,宅配通,0.0078%
216,6196,帆宣,0.0508%,670,2748,雲品,0.0078%
217,6153,嘉聯益,0.0502%,671,2399,映泰,0.0078%
218,6230,超眾,0.05%,672,2462,良得電,0.0078%
219,3019,亞光,0.0498%,673,6201,亞弘電,0.0078%
220,2362,藍天,0.0496%,674,3346,麗清,0.0077%
221,2373,震旦行,0.0495%,675,2430,燦坤,0.0077%
222,4551,智伸科,0.0494%,676,2359,所羅門,0.0077%
223,1409,新纖,0.0492%,677,1339,昭輝,0.0077%
224,3703,欣陸,0.0491%,678,1467,南緯,0.0077%
225,3596,智易,0.0489%,679,2537,聯上發,0.0076%
226,3515,華擎,0.0488%,680,4989,榮科,0.0076%
227,2820,華票,0.0488%,681,3518,柏騰,0.0075%
228,1232,大統益,0.048%,682,3052,夆典,0.0075%
229,6443,元晶,0.048%,683,1806,冠軍,0.0075%
230,5388,中磊,0.0477%,684,1459,聯發,0.0074%
231,2905,三商,0.0472%,685,1526,日馳,0.0074%
232,2511,太子,0.0472%,686,3149,正達,0.0074%
233,2608,嘉里大榮,0.0469%,687,2722,夏都,0.0074%
234,1215,卜蜂,0.0463%,688,2906,高林,0.0074%
235,6257,矽格,0.0463%,689,6168,宏齊,0.0074%
236,3673,TPK-KY,0.0461%,690,6165,捷泰,0.0073%
237,2520,冠德,0.0459%,691,2413,環科,0.0073%
238,1773,勝一,0.0456%,692,2461,光群雷,0.0073%
239,2103,台橡,0.0454%,693,1323,永裕,0.0073%
240,4766,南寶,0.0454%,694,2022,聚亨,0.0073%
241,2428,興勤,0.0453%,695,1615,大山,0.0072%
242,3016,嘉晶,0.0451%,696,2425,承啟,0.0072%
243,8070,長華*,0.0451%,697,2929,淘帝-KY,0.0072%
244,9907,統一實,0.0446%,698,3004,豐達科,0.0072%
245,3026,禾伸堂,0.0446%,699,3038,全台,0.0072%
246,2505,國揚,0.0444%,700,1530,亞崴,0.0071%
247,2897,王道銀行,0.0437%,701,6754,匯僑設計,0.0071%
248,2707,晶華,0.0435%,702,4572,駐龍,0.0071%
249,9908,大台北,0.0435%,703,4560,強信-KY,0.0071%
250,6491,晶碩,0.0433%,704,1341,富林-KY,0.007%
251,3010,華立,0.0433%,705,2739,寒舍,0.0069%
252,8422,可寧衛,0.043%,706,4722,國精化,0.0069%
253,5531,鄉林,0.0429%,707,6235,華孚,0.0068%
254,9939,宏全,0.042%,708,3047,訊舟,0.0068%
255,2539,櫻花建,0.0419%,709,2613,中櫃,0.0068%
256,2014,中鴻,0.0419%,710,1713,國化,0.0068%
257,4919,新唐,0.0414%,711,2365,昆盈,0.0068%
258,2607,榮運,0.0412%,712,2008,高興昌,0.0067%
259,3413,京鼎,0.041%,713,3528,安馳,0.0067%
260,6582,申豐,0.0407%,714,4155,訊映,0.0066%
261,8016,矽創,0.0407%,715,1725,元禎,0.0066%
262,2455,全新,0.0407%,716,1435,中福,0.0066%
263,2637,慧洋-KY,0.0405%,717,2460,建通,0.0066%
264,2393,億光,0.0397%,718,3050,鈺德,0.0065%
265,4137,麗豐-KY,0.0397%,719,1473,台南,0.0065%
266,8131,福懋科,0.0396%,720,4566,時碩工業,0.0065%
267,2312,金寶,0.0396%,721,4545,銘鈺,0.0065%
268,6202,盛群,0.0393%,722,6698,旭暉應材,0.0065%
269,1710,東聯,0.0382%,723,8442,威宏-KY,0.0065%
270,1903,士紙,0.0382%,724,8011,台通,0.0064%
271,2332,友訊,0.038%,725,1568,倉佑,0.0064%
272,3708,上緯投控,0.038%,726,1439,中和,0.0064%
273,4927,泰鼎-KY,0.0374%,727,2069,運錩,0.0064%
274,4943,康控-KY,0.0374%,728,2038,海光,0.0064%
275,9937,全國,0.0371%,729,3031,佰鴻,0.0064%
276,6282,康舒,0.037%,730,4930,燦星網,0.0063%
277,1718,中纖,0.0368%,731,8411,福貞-KY,0.0062%
278,4536,拓凱,0.0367%,732,4557,永新-KY,0.0061%
279,6166,凌華,0.0363%,733,4106,雃博,0.0061%
280,1104,環泥,0.0361%,734,8103,瀚荃,0.0061%
281,2481,強茂,0.036%,735,3040,遠見,0.0061%
282,4935,茂林-KY,0.036%,736,1733,五鼎,0.0061%
283,1598,岱宇,0.0357%,737,1235,興泰,0.006%
284,2524,京城,0.0354%,738,3701,大眾控,0.006%
285,2367,燿華,0.0352%,739,3356,奇偶,0.0059%
286,2351,順德,0.0352%,740,8249,菱光,0.0059%
287,3006,晶豪科,0.035%,741,9944,新麗,0.0059%
288,5007,三星,0.035%,742,3321,同泰,0.0059%
289,9925,新保,0.0349%,743,2488,漢平,0.0058%
290,2421,建準,0.0342%,744,1337,再生-KY,0.0058%
291,1103,嘉泥,0.0342%,745,1817,凱撒衛,0.0058%
292,1515,力山,0.0341%,746,8467,波力-KY,0.0058%
293,6504,南六,0.0339%,747,6671,三能-KY,0.0058%
294,8081,致新,0.0338%,748,4725,信昌化,0.0057%
295,6464,台數科,0.0337%,749,8374,羅昇,0.0057%
296,1519,華城,0.0337%,750,1906,寶隆,0.0057%
297,2387,精元,0.0335%,751,1721,三晃,0.0057%
298,2515,中工,0.0333%,752,1731,美吾華,0.0056%
299,3563,牧德,0.0329%,753,3543,州巧,0.0056%
300,2913,農林,0.0327%,754,4148,全宇生技-KY,0.0056%
301,3030,德律,0.0324%,755,6674,鋐寶科技,0.0056%
302,6541,泰福-KY,0.0324%,756,6216,居易,0.0056%
303,6533,晶心科,0.0322%,757,6142,友勁,0.0055%
304,2851,中再保,0.0322%,758,6641,基士德-KY,0.0055%
305,1702,南僑,0.0322%,759,3686,達能,0.0055%
306,1234,黑松,0.0321%,760,1316,上曜,0.0055%
307,1305,華夏,0.0319%,761,1531,高林股,0.0055%
308,1532,勤美,0.0317%,762,3025,星通,0.0055%
309,2908,特力,0.0316%,763,1452,宏益,0.0054%
310,2545,皇翔,0.0315%,764,3588,通嘉,0.0054%
311,6451,訊芯-KY,0.0315%,765,4967,十銓,0.0054%
312,3380,明泰,0.0313%,766,6442,光聖,0.0053%
313,1609,大亞,0.0308%,767,8072,陞泰,0.0053%
314,1419,新紡,0.0306%,768,6155,鈞寶,0.0053%
315,8213,志超,0.03%,769,5706,鳳凰,0.0053%
316,8112,至上,0.0299%,770,8367,建新國際,0.0053%
317,2355,敬鵬,0.0298%,771,1416,廣豐,0.0053%
318,2850,新產,0.0298%,772,1417,嘉裕,0.0053%
319,6191,精成科,0.0296%,773,1220,台榮,0.0053%
320,3705,永信,0.0296%,774,1423,利華,0.0052%
321,8163,達方,0.0294%,775,1617,榮星,0.0052%
322,2547,日勝生,0.0292%,776,2630,亞航,0.0052%
323,6177,達麗,0.0291%,777,2483,百容,0.0052%
324,8462,柏文,0.0289%,778,5608,四維航,0.0052%
325,3035,智原,0.0289%,779,5258,虹堡,0.0052%
326,2031,新光鋼,0.0289%,780,4916,事欣科,0.0051%
327,2208,台船,0.0285%,781,3419,譁裕,0.0051%
328,1218,泰山,0.0285%,782,6591,動力-KY,0.0051%
329,1444,力麗,0.0284%,783,2427,三商電,0.0051%
330,1726,永記,0.0281%,784,3013,晟銘電,0.0051%
331,8482,商億-KY,0.028%,785,1463,強盛,0.0051%
332,8039,台虹,0.028%,786,1410,南染,0.0051%
333,2417,圓剛,0.0278%,787,1340,勝悅-KY,0.005%
334,1537,廣隆,0.0277%,788,1809,中釉,0.005%
335,1905,華紙,0.0276%,789,3027,盛達,0.005%
336,3014,聯陽,0.0275%,790,3164,景岳,0.005%
337,2239,英利-KY,0.0274%,791,3054,立萬利,0.005%
338,1308,亞聚,0.0274%,792,3311,閎暉,0.0049%
339,9930,中聯資源,0.0274%,793,6152,百一,0.0049%
340,2534,宏盛,0.0273%,794,6136,富爾特,0.0049%
341,1309,台達化,0.0272%,795,3094,聯傑,0.0048%
342,5471,松翰,0.0272%,796,3060,銘異,0.0048%
343,9911,櫻花,0.0271%,797,1466,聚隆,0.0048%
344,3704,合勤控,0.027%,798,1468,昶和,0.0047%
345,2836,高雄銀,0.027%,799,9955,佳龍,0.0047%
346,6706,惠特,0.0269%,800,2702,華園,0.0046%
347,2478,大毅,0.0268%,801,2543,皇昌,0.0045%
348,6579,研揚,0.0267%,802,4141,龍燈-KY,0.0045%
349,2328,廣宇,0.0266%,803,5225,東科-KY,0.0045%
350,2704,國賓,0.0263%,804,4956,光鋐,0.0045%
351,4438,廣越,0.0263%,805,2936,客思達-KY,0.0044%
352,4906,正文,0.0262%,806,2901,欣欣,0.0044%
353,1201,味全,0.0262%,807,3312,弘憶股,0.0044%
354,1582,信錦,0.0259%,808,2904,匯僑,0.0043%
355,1256,鮮活果汁-KY,0.0257%,809,2440,太空梭,0.0043%
356,4532,瑞智,0.0256%,810,1587,吉茂,0.0043%
357,2034,允強,0.0253%,811,3591,艾笛森,0.0043%
358,1604,聲寶,0.0252%,812,2453,凌群,0.0042%
359,8210,勤誠,0.0251%,813,1529,樂士,0.0041%
360,1714,和桐,0.025%,814,1474,弘裕,0.0041%
361,1614,三洋電,0.0248%,815,1506,正道,0.0041%
362,3530,晶相光,0.0248%,816,1735,日勝化,0.0041%
363,3450,聯鈞,0.0246%,817,1783,和康生,0.004%
364,2727,王品,0.0245%,818,1724,台硝,0.004%
365,2540,愛山林,0.0243%,819,2032,新鋼,0.004%
366,2340,光磊,0.0243%,820,2305,全友,0.004%
367,4119,旭富,0.0243%,821,1528,恩德,0.004%
368,3712,永崴投控,0.0242%,822,1456,怡華,0.004%
369,6277,宏正,0.0241%,823,2415,錩新,0.004%
370,1110,東泥,0.0241%,824,3535,晶彩科,0.004%
371,2323,中環,0.024%,825,8429,金麗-KY,0.004%
372,1589,永冠-KY,0.0239%,826,3607,谷崧,0.0039%
373,4306,炎洲,0.0236%,827,5284,jpp-KY,0.0038%
374,4414,如興,0.0235%,828,2444,兆勁,0.0038%
375,2331,精英,0.0233%,829,1470,大統新創,0.0037%
376,4576,大銀微系統,0.0232%,830,6117,迎廣,0.0037%
377,2614,東森,0.0231%,831,6625,必應,0.0037%
378,2102,泰豐,0.023%,832,1236,宏亞,0.0036%
379,8404,百和興業-KY,0.0229%,833,2024,志聯,0.0036%
380,1711,永光,0.0228%,834,1445,大宇,0.0035%
381,2338,光罩,0.0226%,835,4720,德淵,0.0035%
382,1310,台苯,0.0226%,836,3296,勝德,0.0034%
383,9943,好樂迪,0.0226%,837,3018,同開,0.0034%
384,2605,新興,0.0225%,838,3021,鴻名,0.0034%
385,2489,瑞軒,0.0225%,839,3058,立德,0.0033%
386,2401,凌陽,0.0224%,840,2431,聯昌,0.0033%
387,2363,矽統,0.0223%,841,1465,偉全,0.0033%
388,6120,達運,0.0221%,842,1443,立益,0.0033%
389,2348,海悅,0.022%,843,6431,光麗-KY,0.0033%
390,1307,三芳,0.022%,844,6215,和椿,0.0032%
391,1325,恆大,0.022%,845,1438,三地開發,0.0032%
392,2375,凱美,0.022%,846,1432,大魯閣,0.0031%
393,6416,瑞祺電通,0.0218%,847,1539,巨庭,0.0031%
394,6206,飛捷,0.0217%,848,1540,喬福,0.0031%
395,3049,和鑫,0.0216%,849,1616,億泰,0.0031%
396,2010,春源,0.0215%,850,2358,廷鑫,0.0031%
397,1712,興農,0.0214%,851,2611,志信,0.0031%
398,1203,味王,0.0213%,852,3002,歐格,0.0031%
399,5203,訊連,0.0213%,853,5906,台南-KY,0.0031%
400,3698,隆達,0.0213%,854,6405,悅城,0.0031%
401,1560,中砂,0.0211%,855,4581,光隆精密-KY,0.0031%
402,2597,潤弘,0.021%,856,3550,聯穎,0.003%
403,6605,帝寶,0.021%,857,9929,秋雨,0.003%
404,9924,福興,0.0209%,858,2911,麗嬰房,0.003%
405,2535,達欣工,0.0209%,859,1727,中華化,0.003%
406,6581,鋼聯,0.0208%,860,2516,新建,0.0029%
407,3669,圓展,0.0208%,861,4807,日成-KY,0.0029%
408,5215,科嘉-KY,0.0208%,862,6573,虹揚-KY,0.0029%
409,3090,日電貿,0.0207%,863,8033,雷虎,0.0029%
410,2107,厚生,0.0207%,864,4562,穎漢,0.0027%
411,3022,威強電,0.0206%,865,2496,卓越,0.0027%
412,5234,達興材料,0.0205%,866,2471,資通,0.0027%
413,4977,眾達-KY,0.0204%,867,1776,展宇,0.0027%
414,2464,盟立,0.0204%,868,1454,台富,0.0026%
415,1558,伸興,0.0204%,869,2380,虹光,0.0026%
416,9926,新海,0.0202%,870,9902,台火,0.0026%
417,3056,總太,0.0201%,871,8488,吉源-KY,0.0025%
418,2617,台航,0.02%,872,2465,麗臺,0.0025%
419,1321,大洋,0.02%,873,1592,英瑞-KY,0.0025%
420,4994,傳奇,0.02%,874,2033,佳大,0.0024%
421,1231,聯華食,0.0199%,875,6133,金橋,0.0024%
422,4104,佳醫,0.0196%,876,6243,迅杰,0.0024%
423,8499,鼎炫-KY,0.0195%,877,6226,光鼎,0.0023%
424,2536,宏普,0.0194%,878,1732,毛寶,0.0023%
425,6024,群益期,0.0193%,879,2468,華經,0.0023%
426,2910,統領,0.0192%,880,3057,喬鼎,0.0022%
427,2530,華建,0.0191%,881,1441,大東,0.0022%
428,1608,華榮,0.0191%,882,8222,寶一,0.0022%
429,3557,嘉威,0.0191%,883,6172,互億,0.0021%
430,5283,禾聯碩,0.0191%,884,3432,台端,0.0021%
431,8215,明基材,0.019%,885,3494,誠研,0.0021%
432,6115,鎰勝,0.0189%,886,8940,新天地,0.0021%
433,3645,達邁,0.0189%,887,1453,大將,0.0021%
434,3059,華晶科,0.0188%,888,1413,宏洲,0.0021%
435,2397,友通,0.0187%,889,2491,吉祥全,0.0021%
436,6525,捷敏-KY,0.0187%,890,1805,寶徠,0.002%
437,2450,神腦,0.0184%,891,2236,百達-KY,0.002%
438,1795,美時,0.0183%,892,5484,慧友,0.002%
439,1447,力鵬,0.0181%,893,1324,地球,0.0019%
440,2472,立隆電,0.0181%,894,3308,聯德,0.0018%
441,3015,全漢,0.0181%,895,3011,今皓,0.0018%
442,3679,新至陞,0.0181%,896,3593,力銘,0.0018%
443,8028,昇陽半導體,0.018%,897,6164,華興,0.0018%
444,6224,聚鼎,0.018%,898,8443,阿瘦,0.0017%
445,1760,寶齡富錦,0.018%,899,1516,川飛,0.0017%
446,2329,華泰,0.0178%,900,2243,宏旭-KY,0.0016%
447,2433,互盛電,0.0178%,901,2482,連宇,0.0016%
448,1464,得力,0.0177%,902,2438,翔耀,0.0015%
449,6715,嘉基,0.0177%,903,3046,建碁,0.0014%
450,6192,巨路,0.0176%,904,8201,無敵,0.0014%
451,2832,台產,0.0176%,905,2424,隴華,0.0013%
452,5288,豐祥-KY,0.0175%,906,2429,銘旺科,0.0012%
453,3033,威健,0.0174%,907,9912,偉聯,0.001%
454,2480,敦陽科,0.0174%,,,,